 ,,,,,,,,,,
,,,,,,,,,,
,,,,,,,,,,
ASUC Fiscal Year 2025 General Budget [FINAL],,,,,,,,,,
ASUC Chief Financial Officer: Catherine Park,,,,,,,,,,
,,,,,,,,,,
,,,,,,,,,,
,,,,,,,,,,
ASUC Chartered Programs and Commissions,,,,,,,,,,
Organization,Sponsorship Category,,OASIS Org ID,SUFIN Account (External ID),Finance Rule Waiver,,Contingency Funding,Space Reservation Funding,Final Allocation,Total Funding
ASUC Mental Health Commission,GOVT,,126447,34020287200000,,,,,"$3,000","$3,000"
ASUC Mental Health Commission Chair Stipend,STIPEND,,126447,340202872STIPE,,,,,"$1,500","$1,500"
ASUC Mental Health Commission Director Stipends,STIPEND,,126447,340202872STIPE,,,,,$500,$500
ASUC Housing Commission,GOVT,,46042,34010026000000,,,,,"$3,000","$3,000"
ASUC Housing Commission Chair Stipend,STIPEND,,46042,340100260STIPE,,,,,"$1,250","$1,250"
ASUC Housing Commission Vice Chair Stipend,STIPEND,,46042,340100260STIPE,,,,,$750,$750
ASUC Sexual Violence Commission,GOVT,,91441,34010029600000,,,,,"$1,000","$1,000"
ASUC Disabled Students Commission,GOVT,,46719,34010036000000,,,,,"$4,000","$4,000"
ASUC Disabled Students Commission Co-Chair Stipends ($1000 each),STIPEND,,46719,340100360STIPE,,,,,"$2,000","$2,000"
ASUC Sustainability Commission,GOVT,,46003,34010023600000,,,,,"$5,000","$5,000"
ASUC Sustainablity Commission Co-Chair Stipends ($1000 each),STIPEND,,46003,340100236STIPE,,,,,"$2,000","$2,000"
ASUC Health Advocacy Commission,GOVT,,94207,34010036800000,,,,,"$6,000","$6,000"
ASUC Health Advocacy Commission Co-Chair Stipends ($1000 each),STIPEND,,94207,340100368STIPE,,,,,"$2,000","$2,000"
ASUC Menstrual Equity Commission,GOVT,,46718,34010037200000,,,,,"$1,000","$1,000"
ASUC Menstrual Equity Commission Co-Chair Stipends ($1000 each),STIPEND,,46718,340100372STIPE,,,,,"$2,000","$2,000"
"ASUC Student Union Programming, Entertainment, and Recreation Board",GOVT,,46330,34010028800000,,,,,"$10,000","$10,000"
CalTV,GOVT,,46164,34020072400000,,,,,"$9,000","$9,000"
ASUC Publications and Media Board,GOVT,,162553,34010036400000,,,,,"$4,000","$4,000"
Innovative Design,GOVT,,46493,34010028000000,,,,,"$7,500","$7,500"
Open Computing Facility,GOVT,,46187,34020175200000,,,,,"$40,000","$40,000"
ASUC Student Legal Clinic,GOVT,,46010,34020033200000,,,,,"$2,000","$2,000"
ASUC Grant & Scholarship Foundation,GOVT,,168130,34010032000000,,,,,"$2,000","$2,000"
ASUC Grant & Scholarship Foundation Director Stipends,STIPEND,,168130,340100320STIPE,,,,,"$2,000","$2,000"
GOVT SUBTOTAL,,,,,,,$0,$0,"$111,500","$111,500"
,,,,,,,,,,
ASUC-Sponsored Registered Student Organizations,,,,,,,,,,
Publications (PUB) Registered Student Organizations,,,,,,,,,,
Organization,Sponsorship Category,Years of Sponsorship,OASIS Org ID,SUFIN Account (External ID),Finance Rule Waiver,,Contingency Funding,Space Reservation Funding,Final Allocation,Total Funding
Asian American Research Journal,Publication (PUB),4,46744,34020502400000,,,,,"$1,000","$1,000"
BARE Magazine,Publication (PUB),11,46121,34020036400000,,,,,"$6,000","$6,000"
Berkeley Economic Review,Publication (PUB),5,91369,34020398000000,,,,,"$1,500","$1,500"
"Berkeley Political Review, The",Publication (PUB),22,46130,34020048400000,,,,,"$6,750","$6,750"
Berkeley Scientific Journal,Publication (PUB),8,117510,34020340800000,,,,,"$3,250","$3,250"
Blue and Gold Yearbook,Publication (PUB),10,46368,34020266800000,,,,,"$2,250","$2,250"
Business Review at Berkeley,Publication (PUB),5,91807,34020405600000,,,,,$800,$800
Caravan Travel & Style Magazine,Publication (PUB),7,235072,34020432400000,,,,,"$5,000","$5,000"
Comparative Literature Publication Association,Publication (PUB),2,60651,34020084800000,,,,,$900,$900
MIO (Formerly De Oro),Publication (PUB),1,385345,34020604800000,,,,,$900,$900
DIASPORA Magazine,Publication (PUB),3,360305,34020550400000,,,,,ROLLING SPONSORSHIP,$0
Gia Magazine,Publication (PUB),5,236806,34020459600000,,,,,SPONSORSHIP ONLY (ABSA),$0
Her Campus of Berkeley,Publication (PUB),4,91522,34020493200000,,,,,"$1,000","$1,000"
"Heuristic Squelch, The",Publication (PUB),28,46176,34020125200000,,,,,ROLLING SPONSORSHIP,$0
LIFE Campus Ministry,Publication (PUB),1,321243,34020605200000,,,,,$350,$350
maganda magazine,Publication (PUB),34,46123,34020156800000,,,,,$600,$600
Natural Hair Collective,Publication (PUB),2,377193,34020585600000,,,,,"$1,100","$1,100"
Public Health Advocate,Publication (PUB),20,46161,34020198800000,,,,,"$2,610","$2,610"
Spoon University at Berkeley,Publication (PUB),10,91325,34020221600000,,,,,$500,$500
The Environmentalist,Publication (PUB),1,46503,34020587200000,,,,,$900,$900
Threads,Publication (PUB),25,46116,34020016400000,,,,,"$6,000","$6,000"
To An Unknown God,Publication (PUB),9,46182,34020245200000,,,,,"$3,000","$3,000"
Vagabond Multicultural Journal,Publication (PUB),3,,,,,,,ROLLING SPONSORSHIP,$0
Berkeley Fiction Review,Publication (PUB),41,,,,,,,ROLLING SPONSORSHIP,$0
PUB SUBTOTAL,,,,,,,$0,$0,"$44,410","$44,410"
,,,,,,,,,,
Student Activity Groups (SAG),,,,,,,,,,
Organization,Sponsorship Category,Years of Sponsorship,OASIS Org ID,SUFIN Account (External ID),Finance Rule Waiver,,Contingency Funding,Space Reservation Funding,Final Allocation,Total Funding
180 Degrees Consulting at Berkeley,Student Activity Group (SAG),9,136978,34020304000000,,,,,$800,$800
3D Modeling and Animation at Berkeley,Student Activity Group (SAG),6,222008,34020433600000,,,,,"$1,000","$1,000"
AAAA - Furries at Berkeley,Student Activity Group (SAG),3,92145,34020542800000,,,,,$650,$650
acts2fellowship,Student Activity Group (SAG),23,45854,34020013200000,,,,,"$5,760","$5,760"
Aerial and Pole Club at Berkeley,Student Activity Group (SAG),2,361228,34020560000000,,,,,$650,$650
Aerospace SAE,Student Activity Group (SAG),4,92082,34020299600000,,,,,SPONSORSHIP ONLY (ABSA),$0
African Inclusivity and Solidarity Association,Student Activity Group (SAG),1,77191,34020177200000,,,,,$500,$500
African Maghreb Student Union,Student Activity Group (SAG),2,46086,34020603200000,,,,,$500,$500
AFX Dance,Student Activity Group (SAG),12,91705,34020015200000,,,,,SPONSORSHIP ONLY (ABSA),$0
Aglet Noise Collective,Student Activity Group (SAG),2,378433,34020583600000,,,,,$650,$650
Alpha Epsilon Omega,Student Activity Group (SAG),1,94109,34020605600000,,,,,$500,$500
"Alpha Kappa Alpha Sorority, Inc.",Student Activity Group (SAG),2,45987,34020017200000,,,,,SPONSORSHIP ONLY (ABSA),$0
alpha Kappa Delta Phi,Student Activity Group (SAG),3,91909,34020535200000,,,,,$585,$585
"Alpha Phi Alpha Fraternity Inc, Alpha Epsilon Chapter",Student Activity Group (SAG),21,45988,34020018400000,,,,,"$4,000","$4,000"
American Advertising Federations,Student Activity Group (SAG),8,45858,34020020400000,,,,,$500,$500
American Chemical Society at Berkeley Student Chapter,Student Activity Group (SAG),9,158433,34020354400000,,,,,"$5,000","$5,000"
American Institute of Architecture Students,Student Activity Group (SAG),14,46423,34020021200000,,,,,"$1,080","$1,080"
American Medical Students Association: Berkeley Premedical Chapter,Student Activity Group (SAG),26,45859,34020021600000,,,,,"$1,800","$1,800"
American Medical Women's Association at Berkeley,Student Activity Group (SAG),9,91324,34020022000000,,,,,"$1,600","$1,600"
American Physician Scientist Association at Berkeley,Student Activity Group (SAG),1,220489,34020439600000,,,,,$500,$500
Amores Valientes,Student Activity Group (SAG),2,91713,34020576000000,,,,,SPONSORSHIP ONLY (ABSA),$0
ANova,Student Activity Group (SAG),8,135400,34020309600000,,,,,SPONSORSHIP ONLY (ABSA),$0
ANRE AI Berkeley,Student Activity Group (SAG),1,385035,34020599200000,,,,,$500,$500
Arab Student Union,Student Activity Group (SAG),13,45863,34020025600000,,,,,"$1,500","$1,500"
Argentine Tango Club of Berkeley,Student Activity Group (SAG),5,46536,34020026000000,,,,,$855,$855
Armenian Students Association,Student Activity Group (SAG),2,45865,34020026400000,,,,,$650,$650
Arnold Air Society,Student Activity Group (SAG),7,91798,34020392800000,,,,,"$3,000","$3,000"
Aro/Ace Space at Berkeley,Student Activity Group (SAG),2,351118,34020528400000,,,,,$650,$650
Art and Mind,Student Activity Group (SAG),7,221627,34020427600000,,,,,$500,$500
Artists in Resonance,Student Activity Group (SAG),10,46731,34020294000000,,,,,"$3,375","$3,375"
Asian American Association,Student Activity Group (SAG),27,45870,34020028800000,,,,,"$5,400","$5,400"
Association for Socially Responsible Business,Student Activity Group (SAG),7,91682,34020371600000,,,,,$900,$900
Association of Korean Artists,Student Activity Group (SAG),5,220977,34020422000000,,,,,$200,$200
Association of Women in EE&CS,Student Activity Group (SAG),3,342808,34020530800000,,,,,SPONSORSHIP ONLY (ABSA),$0
Atlas Strategy Group,Student Activity Group (SAG),2,378444,34020578000000,,,,,SPONSORSHIP ONLY (ABSA),$0
Aurum Cosmetics,Student Activity Group (SAG),6,157733,34020357200000,,,,,$720,$720
Backstage At Berkeley,Student Activity Group (SAG),1,375307,34020576400000,,,,,SPONSORSHIP ONLY (ABSA),$0
Ballet Company At Berkeley,Student Activity Group (SAG),13,46565,34020035600000,,,,,"$1,980","$1,980"
Ballet Folklorico Reflejos Del Sol,Student Activity Group (SAG),11,91710,34020036000000,,,,,$960,$960
Barbell at Berkeley,Student Activity Group (SAG),2,135269,34020365600000,,,,,$500,$500
Bay Area Environmentally Aware Consulting Network,Student Activity Group (SAG),14,46015,34020036800000,,,,,SPONSORSHIP ONLY (ABSA),$0
BCS Organizing Committee,Student Activity Group (SAG),3,222091,34020530400000,,,,,$650,$650
Bear Power Fund,Student Activity Group (SAG),5,119164,34020468400000,,,,,"$2,385","$2,385"
Behavioral Economics Association at Berkeley,Student Activity Group (SAG),3,360312,34020555200000,,,,,$650,$650
BERC Undergraduate,Student Activity Group (SAG),5,230963,34020043600000,,,,,$450,$450
BERKE1337 Cyber Security Team,Student Activity Group (SAG),2,91452,34020529200000,,,,,$650,$650
Berkeley Chinese Students and Scholars Association,Student Activity Group (SAG),18,46468,34020042000000,,,,,"$5,000","$5,000"
Berkeley Environmental Economics and Policy Students,Student Activity Group (SAG),2,91482,34020044000000,,,,,$460,$460
Berkeley Indonesian Student Association,Student Activity Group (SAG),7,"45,889",34020045600000,,,,,$650,$650
Berkeley Innovation,Student Activity Group (SAG),8,91216,34020046000000,,,,,SPONSORSHIP ONLY (ABSA),$0
Berkeley Organization for Animal Advocacy,Student Activity Group (SAG),9,45892,34020047600000,,,,,$540,$540
Berkeley Women in Business,Student Activity Group (SAG),20,45896,34020051200000,,,,,$650,$650
Beta Corporate Solutions,Student Activity Group (SAG),2,147516,34020489200000,,,,,SPONSORSHIP ONLY (ABSA),$0
BIA at Berkeley,Student Activity Group (SAG),1,378033,34020584000000,,,,,SPONSORSHIP ONLY (ABSA),$0
Big Data at Berkeley,Student Activity Group (SAG),6,235179,34020441200000,,,,,$585,$585
Bioengineering Mentor Program,Student Activity Group (SAG),3,362064,34020547200000,,,,,$500,$500
BioethiCAL,Student Activity Group (SAG),3,304125,34020557200000,,,,,$650,$650
Biofuels Technology Club,Student Activity Group (SAG),6,132779,34020402800000,,,,,"$5,400","$5,400"
Biomedical Engineering Society,Student Activity Group (SAG),5,91227,34020469600000,,,,,$500,$500
Black Pre-Law Association,Student Activity Group (SAG),7,46341,34020053600000,,,,,$800,$800
Black Student Union,Student Activity Group (SAG),15,46578,34020054400000,,,,,"$26,500","$26,500"
Black Students in Health Association,Student Activity Group (SAG),2,46045,34020054800000,,,,,$585,$585
Board Games at Berkeley,Student Activity Group (SAG),2,91892,34020369600000,,,,,$650,$650
Bone Health Initiative,Student Activity Group (SAG),9,117788,34020284800000,,,,,$700,$700
Brazilian Student Association at Berkeley,Student Activity Group (SAG),1,117507,34020441600000,,,,,$500,$500
Brick by Brick at Berkeley,Student Activity Group (SAG),1,91961,34020603600000,,,,,$500,$500
BridgeUSA at Berkeley,Student Activity Group (SAG),7,165240,34020370400000,,,,,"$4,000","$4,000"
Cal American Civil Liberties Union,Student Activity Group (SAG),8,45880,34020039200000,,,,,$500,$500
Cal Berkeley Democrats,Student Activity Group (SAG),27,45903,34020060400000,,,,,"$4,500","$4,500"
Cal Dragon Boat,Student Activity Group (SAG),21,45904,34020062000000,,,,,"$13,000","$13,000"
Cal Hawai'i Club,Student Activity Group (SAG),36,45905,34020062800000,,,,,"$3,600","$3,600"
Cal Hiking and Outdoors Society,Student Activity Group (SAG),76,45906,34020063600000,,,,,"$6,720","$6,720"
Cal in the Capital,Student Activity Group (SAG),46,45907,34020064400000,,,,,"$1,500","$1,500"
Cal Japan Club,Student Activity Group (SAG),17,45909,34020064800000,,,,,"$2,800","$2,800"
Cal Pre-Vet Club,Student Activity Group (SAG),14,45912,34020066400000,,,,,$585,$585
Cal Queer & Asian,Student Activity Group (SAG),16,46079,34020066800000,,,,,SPONSORSHIP ONLY (ABSA),$0
Cal Taiko,Student Activity Group (SAG),19,45916,34020068000000,,,,,"$5,600","$5,600"
Cal Undergraduate Public Health Coalition,Student Activity Group (SAG),20,45918,34020068400000,,,,,"$1,030","$1,030"
California Mock Trial,Student Activity Group (SAG),24,45919,34020070000000,,,,,"$30,000","$30,000"
Cantonese Initiative of Berkeley,Student Activity Group (SAG),1,385228,34020598000000,,,,,$450,$450
Caribbean Student Association,Student Activity Group (SAG),1,385095,34020600000000,,,,,$450,$450
Celerity Traditional Dance Team,Student Activity Group (SAG),1,368856,34020580400000,,,,,$500,$500
Chess Club at Berkeley,Student Activity Group (SAG),2,91902,34020343200000,,,,,$650,$650
Chinese A Cappella at Berkeley,Student Activity Group (SAG),8,91326,34020274000000,,,,,$800,$800
Chinese Student Association,Student Activity Group (SAG),35,45927,34020076400000,,,,,"$13,900","$13,900"
Chinese Undergraduate Pre-Law Student Association,Student Activity Group (SAG),3,351386,34020536000000,,,,,$650,$650
Cinematic Arts and Production Club,Student Activity Group (SAG),5,222010,34020472400000,,,,,"$6,000","$6,000"
Circle K International,Student Activity Group (SAG),30,45928,34020078400000,,,,,"$5,040","$5,040"
Code For Good,Student Activity Group (SAG),3,343558,34020410000000,,,,,$650,$650
Codeology,Student Activity Group (SAG),7,91287,34020398400000,,,,,"$2,000","$2,000"
Codify,Student Activity Group (SAG),2,368338,34020559200000,,,,,$400,$400
Cognitive Science Students Association,Student Activity Group (SAG),4,46287,34020081600000,,,,,$500,$500
Collaborative Dorms Society,Student Activity Group (SAG),1,378430,34020586800000,,,,,$500,$500
ColorStack at Berkeley,Student Activity Group (SAG),2,385102,34020597200000,,,,,$500,$500
Computer Science Undergraduate Association,Student Activity Group (SAG),50,45930,34020085600000,,,,,"$2,024","$2,024"
Consult Your Community (CYC) at Berkeley,Student Activity Group (SAG),11,83091,34020086000000,,,,,"$1,700","$1,700"
Core Consulting Group,Student Activity Group (SAG),2,361237,34020549200000,,,,,$500,$500
Creative Applications to Life in Origami,Student Activity Group (SAG),11,46563,34020087200000,,,,,$600,$600
Creative Writers Association,Student Activity Group (SAG),1,220452,34020594400000,,,,,$650,$650
Cricket Club of Berkeley,Student Activity Group (SAG),3,91905,34020434800000,,,,,$650,$650
Crossword Club,Student Activity Group (SAG),1,122515,34020602800000,,,,,$450,$450
CS KickStart,Student Activity Group (SAG),10,56944,34020089200000,,,,,"$4,000","$4,000"
Dance Games at Berkeley,Student Activity Group (SAG),3,342892,34020520400000,,,,,$585,$585
Dance the Bay,Student Activity Group (SAG),11,92069,34020090400000,,,,,"$1,530","$1,530"
Data Science Society at Berkeley,Student Activity Group (SAG),9,144718,34020307600000,,,,,"$2,500","$2,500"
DataGood Berkeley,Student Activity Group (SAG),4,320218,34020487200000,,,,,"$1,900","$1,900"
DataStory,Student Activity Group (SAG),4,290145,34020461200000,,,,,$650,$650
Datong Society of China Studies,Student Activity Group (SAG),4,91486,34020304800000,,,,,$650,$650
Debate Society of Berkeley,Student Activity Group (SAG),12,71335,34020022800000,,,,,"$14,000","$14,000"
DeCadence,Student Activity Group (SAG),24,45937,34020092000000,,,,,"$2,250","$2,250"
Delta Consulting ,Student Activity Group (SAG),5,320987,34020491600000,,,,,SPONSORSHIP ONLY (ABSA),$0
"Delta Sigma Theta Sorority, Incorporated Kappa Chapter",Student Activity Group (SAG),2,46108,34020093600000,,,,,$500,$500
Department of Integrative Biology Students,Student Activity Group (SAG),5,54275,34020094400000,,,,,"$1,550","$1,550"
Dermatological at Berkeley,Student Activity Group (SAG),1,376131,34020606000000,,,,,$500,$500
Design at Berkeley,Student Activity Group (SAG),4,321623,34020484800000,,,,,$650,$650
Diversity and Inclusion in Real Estate,Student Activity Group (SAG),1,368380,34020563600000,,,,,$500,$500
DREAM Campus Ministry,Student Activity Group (SAG),2,92008,34020379600000,,,,,$650,$650
Dutch Student Association at Berkeley,Student Activity Group (SAG),2,91534,34020401200000,,,,,$500,$500
East Asian Caucus,Student Activity Group (SAG),1,91273,34020590800000,,,,,$500,$500
East Asian Culinary Club,Student Activity Group (SAG),3,361428,34020548800000,,,,,$650,$650
East Asian Union,Student Activity Group (SAG),15,46534,34020098400000,,,,,"$8,000","$8,000"
Engineering Student Council (ESC),Student Activity Group (SAG),34,45944,34020103200000,,,,,"$80,000","$80,000"
English Undergraduate Association,Student Activity Group (SAG),1,45946,34020105200000,,,,,$500,$500
Entomology Club,Student Activity Group (SAG),2,159392,34020406400000,,,,,$500,$500
Entrepreneurs@Berkeley,Student Activity Group (SAG),4,46522,34020406800000,,,,,$500,$500
Environmental Sciences Student Association,Student Activity Group (SAG),4,91488,34020297200000,,,,,$650,$650
Environmental Team,Student Activity Group (SAG),4,91245,34020504400000,,,,,SPONSORSHIP ONLY (ABSA),$0
Eta Kappa Nu (under ESC),Student Activity Group (SAG),9,91271,34020467200000,,,,,SPONSORSHIP ONLY (ABSA),$0
EthiCAL Apparel,Student Activity Group (SAG),3,46624,34020107200000,,,,,$650,$650
Faces of African Muslims,Student Activity Group (SAG),7,165193,34020400000000,,,,,"$8,000","$8,000"
Fashion and Student Trends,Student Activity Group (SAG),13,45950,34020108400000,,,,,"$8,500","$8,500"
Fei Tian Dancers,Student Activity Group (SAG),19,45951,34020109200000,,,,,"$2,000","$2,000"
Fiat Lux Scholars Association,Student Activity Group (SAG),2,91236,34020065600000,,,,,$650,$650
Fighting Games at Berkeley,Student Activity Group (SAG),2,343225,34020528800000,,,,,$540,$540
Finance Club at Berkeley (BFC) [Formerly Sales and Trading Club at Berkeley],Student Activity Group (SAG),2,83003,34020434400000,,,,,$500,$500
Financial Education Association of Berkeley,Student Activity Group (SAG),1,342607,34020518000000,,,,,$360,$360
Foresight Pre-Optometry Club,Student Activity Group (SAG),31,45954,34020111600000,,,,,SPONSORSHIP ONLY (ABSA),$0
Formula Electric at Berkeley (Formerly bLoop),Student Activity Group (SAG),4,138585,34020300400000,,,,,SPONSORSHIP ONLY (ABSA),$0
Freestyles at Berkeley,Student Activity Group (SAG),1,91590,34020606400000,,,,,$400,$400
Frontera at Berkeley,Student Activity Group (SAG),1,368347,34020564400000,,,,,$500,$500
"Future Business Leaders of America-Phi Beta Lambda, Inc.",Student Activity Group (SAG),19,45958,34020114400000,,,,,"$3,420","$3,420"
Game Design and Development at Berkeley,Student Activity Group (SAG),6,91401,34020430400000,,,,,$750,$750
Gamma Epsilon Mu,Student Activity Group (SAG),1,385418,34020606800000,,,,,$500,$500
Garuda Capital,Student Activity Group (SAG),1,361557,34020607200000,,,,,SPONSORSHIP ONLY (ABSA),$0
Gender Equity in Mathematics at Berkeley,Student Activity Group (SAG),10,91772,34020260400000,,,,,$800,$800
GENup Collegiate at Berkeley,Student Activity Group (SAG),1,321245,34020557600000,,,,,$500,$500
GeoWall at Berkeley,Student Activity Group (SAG),1,290340,34020506400000,,,,,SPONSORSHIP ONLY (ABSA),$0
Girl Up at Berkeley,Student Activity Group (SAG),3,92014,34020296000000,,,,,$650,$650
Glamity at Berkeley,Student Activity Group (SAG),1,376133,34020607600000,,,,,$450,$450
GlamourGals at Berkeley,Student Activity Group (SAG),1,377198,34020591200000,,,,,$500,$500
Haas Finance Group (HFG),Student Activity Group (SAG),1,378619,34020608000000,,,,,$500,$500
Haas Undergraduate Black Business Association,Student Activity Group (SAG),7,46300,34020121200000,,,,,$585,$585
Hackathons at Berkeley (formerly Hack the Bay),Student Activity Group (SAG),2,123010,34020495600000,,,,,SPONSORSHIP ONLY (ABSA),$0
Healthcare Business Association at Berkeley,Student Activity Group (SAG),1,290345,34020464800000,,,,,$500,$500
Healthcare Consulting Group at Berkeley,Student Activity Group (SAG),6,221241,34020431600000,,,,,$630,$630
Hermanas Unidas de UC Berkeley,Student Activity Group (SAG),2,46141,34020124400000,,,,,$650,$650
"Hindu YUVA-Youth for Unity, Virtues and Action",Student Activity Group (SAG),2,91523,34020566000000,,,,,$650,$650
Hispanic Engineers and Scientists,Student Activity Group (SAG),9,46147,34020126000000,,,,,$585,$585
Historical Fencing Club of Berkeley,Student Activity Group (SAG),6,46714,34020420400000,,,,,"$2,200","$2,200"
Hong Kong Student Association,Student Activity Group (SAG),30,45965,34020127200000,,,,,"$1,800","$1,800"
HOSA Future Health Professionals of Berkeley,Student Activity Group (SAG),1,290346,34020608400000,,,,,$500,$500
iGEM at Berkeley,Student Activity Group (SAG),6,235895,34020432000000,,,,,SPONSORSHIP ONLY (ABSA),$0
Indian Students Association,Student Activity Group (SAG),21,45966,34020130400000,,,,,"$9,600","$9,600"
Institute of Industrial and Systems Engineers,Student Activity Group (SAG),1,91280,34020293600000,,,,,$500,$500
"Intermission Orchestra, The",Student Activity Group (SAG),6,91332,34020385600000,,,,,"$2,250","$2,250"
International Consulting Club at Berkeley,Student Activity Group (SAG),3,289736,34020538000000,,,,,$650,$650
International Healthcare Association,Student Activity Group (SAG),5,325447,34020494000000,,,,,$650,$650
InterVarsity Christian Fellowship,Student Activity Group (SAG),26,45974,34020137600000,,,,,"$5,850","$5,850"
Invention Corps of Berkeley,Student Activity Group (SAG),5,164469,34020360000000,,,,,"$1,500","$1,500"
Iranian Students Cultural Organization,Student Activity Group (SAG),26,45976,34020139200000,,,,,"$14,000","$14,000"
Jakara Movement Club,Student Activity Group (SAG),7,144722,34020326000000,,,,,$500,$500
Jewish Voice for Peace at Berkeley,Student Activity Group (SAG),1,221473,34020430800000,,,,,$225,$225
JFashion at Berkeley,Student Activity Group (SAG),1,385044,34020608800000,,,,,$350,$350
Jugger at Berkeley,Student Activity Group (SAG),7,123317,34020142400000,,,,,"$2,210","$2,210"
Kairos Dance Co.,Student Activity Group (SAG),3,91918,34020527600000,,,,,$585,$585
Kappa Alpha Pi Pre-Law Fraternity ,Student Activity Group (SAG),9,91348,34020144400000,,,,,SPONSORSHIP ONLY (ABSA),$0
Kappa Gamma Delta,Student Activity Group (SAG),12,45983,34020144800000,,,,,"$1,350","$1,350"
Keebs at Berkeley,Student Activity Group (SAG),2,362003,34020589600000,,,,,$585,$585
Kendo Club,Student Activity Group (SAG),5,46627,34020145600000,,,,,$900,$900
Kerusso Fellowship,Student Activity Group (SAG),2,342064,34020566800000,,,,,SPONSORSHIP ONLY (ABSA),$0
Kidney Disease Screening and Awareness Program,Student Activity Group (SAG),8,135415,34020380800000,,,,,"$2,500","$2,500"
Kink Club,Student Activity Group (SAG),2,137708,34020374400000,,,,,$585,$585
Korean Business  Society,Student Activity Group (SAG),2,159286,34020475600000,,,,,SPONSORSHIP ONLY (ABSA),$0
Korean Performance Group,Student Activity Group (SAG),9,59417,34020277200000,,,,,$700,$700
"Lambda Theta Nu Sorority, Inc.",Student Activity Group (SAG),14,46156,34020150000000,,,,,"$1,080","$1,080"
Latin American Leadership Society,Student Activity Group (SAG),10,125268,34020277600000,,,,,$650,$650
Latinx Pre-Law Society,Student Activity Group (SAG),3,46000,34020152000000,,,,,$650,$650
Launchpad,Student Activity Group (SAG),8,163843,34020375200000,,,,,"$1,150","$1,150"
Lavender Alliance at Berkeley,Student Activity Group (SAG),4,333498,34020508000000,,,,,SPONSORSHIP ONLY (ABSA),$0
Laya of Berkeley,Student Activity Group (SAG),6,117506,34020446400000,,,,,"$2,000","$2,000"
Le Cercle Français of Berkeley,Student Activity Group (SAG),8,91299,34020615200000,,,,,$300,$300
Lindy on Sproul,Student Activity Group (SAG),14,46655,34020155600000,,,,,$650,$650
Logging Sports Team,Student Activity Group (SAG),2,46452,34020156000000,,,,,$650,$650
Love Stories Book Club,Student Activity Group (SAG),2,361707,34020614000000,,,,,$300,$300
LUXX,Student Activity Group (SAG),2,351500,34020579600000,,,,,$650,$650
Mahjong Club,Student Activity Group (SAG),2,91956,34020278000000,,,,,$650,$650
Main Stacks Dance Team,Student Activity Group (SAG),12,46004,34020157600000,,,,,"$2,000","$2,000"
Malaysian Student Association at Berkeley,Student Activity Group (SAG),4,139269,34020338800000,,,,,$585,$585
Mariachi Luz de Oro,Student Activity Group (SAG),11,83049,34020158800000,,,,,"$2,100","$2,100"
Mathematics Undergraduate Student Association,Student Activity Group (SAG),8,91296,34020375600000,,,,,SPONSORSHIP ONLY (ABSA),$0
MI2 @ Berkeley,Student Activity Group (SAG),2,343546,34020554000000,,,,,$158,$158
Microfinance at Berkeley,Student Activity Group (SAG),12,61000,34020161600000,,,,,"$2,000","$2,000"
Middle Eastern Business Association,Student Activity Group (SAG),4,301968,34020508800000,,,,,$650,$650
Minorities in Health Conferece,Student Activity Group (SAG),5,290172,34020462000000,,,,,"$1,000","$1,000"
Molecular and Cell Biology Cell Developmental Neurobiological Association,Student Activity Group (SAG),10,46703,34020164400000,,,,,$800,$800
Muslim Student Association,Student Activity Group (SAG),38,46012,34020167600000,,,,,"$25,000","$25,000"
Natya at Berkeley,Student Activity Group (SAG),11,46583,34020170000000,,,,,"$3,000","$3,000"
Nazakat at Berkeley,Student Activity Group (SAG),2,114698,34020145200000,,,,,$650,$650
Needles to Neurons at Berkeley,Student Activity Group (SAG),2,91376,34020594800000,,,,,$650,$650
NewSpace at Berkeley,Student Activity Group (SAG),3,361222,34020548000000,,,,,$585,$585
Nigerian Students Association,Student Activity Group (SAG),8,46678,34020171200000,,,,,"$1,600","$1,600"
Nikkei Choral Ensemble,Student Activity Group (SAG),8,157897,34020358000000,,,,,"$1,000","$1,000"
Nikkei Student Union,Student Activity Group (SAG),22,46014,34020171600000,,,,,"$3,500","$3,500"
Noteworthy A Cappella,Student Activity Group (SAG),2,54272,34020593200000,,,,,$650,$650
Nova Consulting,Student Activity Group (SAG),2,160637,34020614400000,,,,,$500,$500
Nuclear Is Clean Energy Club,Student Activity Group (SAG),2,361940,34020583200000,,,,,$500,$500
Open Project,Student Activity Group (SAG),2,368435,34020556400000,,,,,$540,$540
Optimir Consulting,Student Activity Group (SAG),4,91626,34020175600000,,,,,$350,$350
Our Monologues (Formerly Known as V-Day at Berkeley),Student Activity Group (SAG),3,46219,34020255200000,,,,,$500,$500
Outlet,Student Activity Group (SAG),11,122285,34020178800000,,,,,"$1,200","$1,200"
Outsiders,Student Activity Group (SAG),3,360307,34020546400000,,,,,$650,$650
Pacific Bridge,Student Activity Group (SAG),1,385097,34020609200000,,,,,$300,$300
Pakistani Student Association,Student Activity Group (SAG),20,46019,34020179600000,,,,,"$1,000","$1,000"
Palestinian Public Health at UC Berkeley,Student Activity Group (SAG),4,325654,34020515200000,,,,,$650,$650
Paragon Consulting at Berkeley,Student Activity Group (SAG),2,304128,34020509600000,,,,,$650,$650
Parliamentary Debate at Berkeley,Student Activity Group (SAG),14,46426,34020180000000,,,,,"$3,500","$3,500"
Partnership for Pre-Professional Pilipinxs,Student Activity Group (SAG),24,46021,34020180400000,,,,,"$1,250","$1,250"
"Phi Alpha Delta Law Fraternity, International",Student Activity Group (SAG),15,46367,34020185200000,,,,,$700,$700
Phi Alpha Theta,Student Activity Group (SAG),21,46022,34020185600000,,,,,$400,$400
Phi Delta Epsilon International Medical Fraternity,Student Activity Group (SAG),14,46190,34020186400000,,,,,"$1,200","$1,200"
Pilipino American Alliance,Student Activity Group (SAG),34,46027,34020189600000,,,,,"$10,000","$10,000"
Pilipino Association for Health Careers,Student Activity Group (SAG),32,46028,34020190000000,,,,,"$5,000","$5,000"
Pilipinx Association of Scientists Architects and Engineers,Student Activity Group (SAG),36,46031,34020190400000,,,,,SPONSORSHIP ONLY (ABSA),$0
Pointe of Berkeley,Student Activity Group (SAG),8,144535,34020329200000,,,,,"$2,880","$2,880"
Pre-Medical Honor Society,Student Activity Group (SAG),8,91309,34020351600000,,,,,"$1,500","$1,500"
PreDental Society,Student Activity Group (SAG),41,46032,34020194400000,,,,,"$2,500","$2,500"
Premier Consulting Group,Student Activity Group (SAG),1,91790,34020609600000,,,,,$500,$500
Psychedelic Science at Berkeley,Student Activity Group (SAG),5,144443,34020311200000,,,,,$650,$650
Public School Records,Student Activity Group (SAG),1,164979,34020610000000,,,,,$500,$500
Puente at Berkeley,Student Activity Group (SAG),7,146340,34020199600000,,,,,"$1,600","$1,600"
Quidditch League at Berkeley,Student Activity Group (SAG),16,46692,34020329600000,,,,,"$1,700","$1,700"
Ra-On,Student Activity Group (SAG),13,46041,34020201600000,,,,,"$2,700","$2,700"
Raas Ramzat,Student Activity Group (SAG),8,165797,34020363200000,,,,,"$1,800","$1,800"
Regents' and Chancellor's Scholars Association,Student Activity Group (SAG),5,46044,34020204000000,,,,,$585,$585
REVERB,Student Activity Group (SAG),1,"385,417",34020610400000,,,,,$500,$500
RoboBears,Student Activity Group (SAG),2,157725,34020349600000,,,,,$585,$585
Salsa at Cal,Student Activity Group (SAG),11,46694,34020207600000,,,,,"$5,000","$5,000"
Saudi Arabian Association at Berkeley,Student Activity Group (SAG),3,144536,34020330000000,,,,,$650,$650
Science Olympiad at Berkeley,Student Activity Group (SAG),2,140582,34020330400000,,,,,SPONSORSHIP ONLY (ABSA),$0
SDG Undergraduate Research Group,Student Activity Group (SAG),1,289451,34020511200000,,,,,$450,$450
Sigma Alpha Nu,Student Activity Group (SAG),14,46051,34020210800000,,,,,"$5,000","$5,000"
Sigma Gamma Rho Sorority Incorporated,Student Activity Group (SAG),2,46626,34020211600000,,,,,$650,$650
Sigma Omicron Pi,Student Activity Group (SAG),2,91703,34020354800000,,,,,$500,$500
"Sigma Pi Alpha Sorority, Inc.",Student Activity Group (SAG),15,46206,34020213200000,,,,,"$1,500","$1,500"
Singapore Student Association,Student Activity Group (SAG),5,46513,34020214400000,,,,,"$1,350","$1,350"
Society for the Study of Modern Visual Culture at Berkeley,Student Activity Group (SAG),3,91678,34020555600000,,,,,SPONSORSHIP ONLY (ABSA),$0
Society of Physics Students at Berkeley,Student Activity Group (SAG),3,91434,34020217200000,,,,,$585,$585
Society of Women Engineers,Student Activity Group (SAG),9,91336,34020479200000,,,,,SPONSORSHIP ONLY (ABSA),$0
Songwriting at Berkeley,Student Activity Group (SAG),7,143258,34020356800000,,,,,$500,$500
Soon Movement,Student Activity Group (SAG),2,91267,34020570000000,,,,,$650,$650
South Indian Society,Student Activity Group (SAG),9,145622,34020346800000,,,,,"$6,000","$6,000"
Space Technologies at California,Student Activity Group (SAG),8,160211,34020347200000,,,,,SPONSORSHIP ONLY (ABSA),$0
Splatoon at Berkeley,Student Activity Group (SAG),2,368339,34020570800000,,,,,$650,$650
Sports Analytics Group at Berkeley,Student Activity Group (SAG),5,146260,34020385200000,,,,,$650,$650
Spring Foundation,Student Activity Group (SAG),9,66099,34020222800000,,,,,$650,$650
Student Food Collective,Student Activity Group (SAG),4,46248,34020227200000,,,,,"$1,186","$1,186"
Students for Life at Berkeley,Student Activity Group (SAG),27,45894,34020233200000,,,,,"$1,000","$1,000"
Students vs Pandemics at Berkeley,Student Activity Group (SAG),3,324164,34020550800000,,,,,$650,$650
SUR at California,Student Activity Group (SAG),2,385341,34020598800000,,,,,$650,$650
Surge - Electric Endurance Motorcycle Team at Berkeley,Student Activity Group (SAG),1,378135,34020596800000,,,,,$500,$500
T.I.n.Y. Chinese Theatre Group,Student Activity Group (SAG),8,117787,34020236400000,,,,,$700,$700
Taiwanese American Student Association,Student Activity Group (SAG),27,46080,34020236800000,,,,,"$5,000","$5,000"
Taiwanese Student Association,Student Activity Group (SAG),28,46078,34020237200000,,,,,"$2,000","$2,000"
TAMID Group,Student Activity Group (SAG),3,60055,34020332400000,,,,,SPONSORSHIP ONLY (ABSA),$0
Taylor Swift Society of Berkeley,Student Activity Group (SAG),3,360315,34020547600000,,,,,$650,$650
TBD Comedy,Student Activity Group (SAG),8,59918,34020238000000,,,,,$800,$800
Telegraph for People,Student Activity Group (SAG),1,360310,34020610800000,,,,,$500,$500
Thai American Cultural Association,Student Activity Group (SAG),3,360306,34020542000000,,,,,$585,$585
The [M]ovement,Student Activity Group (SAG),24,46008,34020165200000,,,,,$650,$650
The Bearettes at Berkeley,Student Activity Group (SAG),7,138343,34020299200000,,,,,"$5,600","$5,600"
The Berkeley Forum,Student Activity Group (SAG),14,83089,34020044800000,,,,,"$13,000","$13,000"
The Dialectic,Student Activity Group (SAG),2,351416,34020571200000,,,,,$650,$650
The Wardroom,Student Activity Group (SAG),1,158346,34020414800000,,,,,$500,$500
The Wildlife Society at Berkeley,Student Activity Group (SAG),3,91802,34020259600000,,,,,$650,$650
Theater for Charity ,Student Activity Group (SAG),21,46215,34020243200000,,,,,SPONSORSHIP ONLY (ABSA),$0
Theta Tau,Student Activity Group (SAG),6,45947,34020244000000,,,,,$400,$400
Thrive Dance Company,Student Activity Group (SAG),11,46734,34020244400000,,,,,"$5,400","$5,400"
Translational Medicine and Stem Cell Association,Student Activity Group (SAG),5,46211,34020229600000,,,,,$450,$450
Transylvanian Temptations,Student Activity Group (SAG),2,378048,34020588000000,,,,,$500,$500
Tri-Service Corps of Cadets,Student Activity Group (SAG),4,91329,34020499200000,,,,,"$1,350","$1,350"
Turkish Student Association at Berkeley,Student Activity Group (SAG),5,91563,34020601200000,,,,,"$2,000","$2,000"
Two Hands,Student Activity Group (SAG),2,378442,34020613600000,,,,,$350,$350
UC Berkeley Indus,Student Activity Group (SAG),35,45967,34020130800000,,,,,"$15,000","$15,000"
UC Berkeley Model United Nations,Student Activity Group (SAG),33,46089,34020248400000,,,,,"$20,000","$20,000"
UC Jazz Ensemble,Student Activity Group (SAG),36,46090,34020248800000,,,,,"$7,200","$7,200"
UC Rally Committee,Student Activity Group (SAG),124,46091,34020249200000,,,,,"$67,500","$67,500"
Undergraduate Biotech Association,Student Activity Group (SAG),1,91246,34020611200000,,,,,$450,$450
Undergraduate Economics Association,Student Activity Group (SAG),22,46093,34020250400000,,,,,$990,$990
Undergraduate Lab at Berkeley (ULAB),Student Activity Group (SAG),5,158422,34020377600000,,,,,"$2,700","$2,700"
Undergraduate Moot Court Team,Student Activity Group (SAG),4,301958,34020522800000,,,,,"$9,000","$9,000"
Undergraduate Real Estate Club,Student Activity Group (SAG),10,46098,34020252400000,,,,,"$2,500","$2,500"
Undergraduate Student Council of the College of Environmental Design,Student Activity Group (SAG),5,158361,34020359200000,,,,,$500,$500
Undergraduate Women in Economics at Berkeley,Student Activity Group (SAG),4,145707,34020334000000,,,,,$650,$650
United Geographers Society of Berkeley,Student Activity Group (SAG),2,302472,34020614800000,,,,,$500,$500
United Nations Association of Berkeley,Student Activity Group (SAG),1,91855,34020253200000,,,,,$500,$500
UNITY Resource Center,Student Activity Group (SAG),1,91538,34020449200000,,,,,SPONSORSHIP ONLY (ABSA),$0
Unwind,Student Activity Group (SAG),1,385103,34020611600000,,,,,$500,$500
UpSync,Student Activity Group (SAG),9,157460,34020355200000,,,,,SPONSORSHIP ONLY (ABSA),$0
Venture Strategy Solutions at Berkeley,Student Activity Group (SAG),2,91857,34020290400000,,,,,SPONSORSHIP ONLY (ABSA),$0
Vertical Takeoff or Landing at Berkeley,Student Activity Group (SAG),1,375789,34020588800000,,,,,$650,$650
VISION,Student Activity Group (SAG),13,85779,34020256400000,,,,,"$1,600","$1,600"
Voyager Consulting,Student Activity Group (SAG),3,76135,34020258800000,,,,,SPONSORSHIP ONLY (ABSA),$0
Women's Baseball Club at Berkeley,Student Activity Group (SAG),2,368055,34020598400000,,,,,$585,$585
Yarn Arts at Berkeley,Student Activity Group (SAG),2,350851,34020573600000,,,,,$150,$150
YEP @ Berkeley,Student Activity Group (SAG),1,368929,34020596000000,,,,,$500,$500
Young Democratic Socialists of America at Berkeley,Student Activity Group (SAG),6,91558,34020428000000,,,,,$500,$500
Zahanat,Student Activity Group (SAG),8,91813,34020266000000,,,,,$800,$800
Zawadi: Black LGBTQ Community at Berkeley,Student Activity Group (SAG),1,46461,34020384000000,,,,,SPONSORSHIP ONLY (ABSA),$0
,,,,,,,,,,
TrueLement,Student Activity Group (SAG),2,91736,34020283200000,,,,,ROLLING SPONSORSHIP,$0
Undergraduate Marketing Association,Student Activity Group (SAG),3,46095,34020251600000,,,,,ROLLING SPONSORSHIP,$0
Institute of Transportation Engineers at UC Berkeley [under ESC],Student Activity Group (SAG),1,45968,34020133200000,,,,,ROLLING SPONSORSHIP,$0
Computer Science Mentors,Student Activity Group (SAG),9,123064,34020336800000,,,,,ROLLING SPONSORSHIP,$0
Catholics at Cal (Formerly known as Catholic Students at Cal - Newman Hall),Student Activity Group (SAG),4,46681,34020074400000,,,,,ROLLING SPONSORSHIP,$0
Eggster Organization,Student Activity Group (SAG),24,45941,34020100400000,,,,,ROLLING SPONSORSHIP,$0
Coffee Club at Berkeley (CCB),Student Activity Group (SAG),3,350847,34020552400000,,,,,ROLLING SPONSORSHIP,$0
Formula SAE (Society of Automotive Engineers) [under ESC],Student Activity Group (SAG),8,45955,34020112000000,,,,,ROLLING SPONSORSHIP,$0
Combat Robotics at Berkeley,Student Activity Group (SAG),3,322279,34020494400000,,,,,ROLLING SPONSORSHIP,$0
Queer + Allied Pre-Health / Pre-Medical Association [under QARC],Student Activity Group (SAG),2,146236,34020397200000,,,,,"$1,800","$1,800"
Berkeley College Republicans,Student Activity Group (SAG),28,45885,34020042800000,,,,,ROLLING SPONSORSHIP,$0
Celli@Berkeley,Student Activity Group (SAG),2,91318,34020442400000,,,$650,,ROLLING SPONSORSHIP,$650
Quantum Computing at Berkeley,Student Activity Group (SAG),3,92137,34020399200000,,,,,ROLLING SPONSORSHIP,$0
DiversaTech,Student Activity Group (SAG),5,145590,34020321600000,,,,,ROLLING SPONSORSHIP,$0
Machine Learning at Berkeley,Student Activity Group (SAG),3,143254,34020313600000,,,,,ROLLING SPONSORSHIP,$0
Abba Modern,Student Activity Group (SAG),8,59420,34020012400000,,,,,ROLLING SPONSORSHIP,$0
Delta Phi Epsilon Co-ed Professional Foreign Service Fraternity,Student Activity Group (SAG),20,45938,34020092800000,,,,,ROLLING SPONSORSHIP,$0
Young Americans for Liberty,Student Activity Group (SAG),1,92002,34020450800000,,,,,ROLLING SPONSORSHIP,$0
"Period Project at Berkeley, The",Student Activity Group (SAG),5,234224,34020454400000,,,,,ROLLING SPONSORSHIP,$0
Web Development at Berkeley,Student Activity Group (SAG),4,319850,34020487600000,,,,,ROLLING SPONSORSHIP,$0
Korean American Student Association,Student Activity Group (SAG),42,45995,34020147200000,,,,,ROLLING SPONSORSHIP,$0
Riot Games at Berkeley,Student Activity Group (SAG),2,91215,34020154400000,,,,,ROLLING SPONSORSHIP,$0
"Alpha Epsilon Zeta Fraternity, Inc.",Student Activity Group (SAG),18,45856,34020016800000,,,,,ROLLING SPONSORSHIP,$0
Rubik's Cube Club at Berkeley,Student Activity Group (SAG),13,46574,34020206000000,,,,,ROLLING SPONSORSHIP,$0
IDEA Factory,Student Activity Group (SAG),2,120911,34020445200000,,,,,ROLLING SPONSORSHIP,$0
Egyptian Student Association at Berkeley,Student Activity Group (SAG),2,,,,,,,ROLLING SPONSORSHIP,$0
Next Generation Consulting at Berkeley,Student Activity Group (SAG),1,,,,,,,ROLLING SPONSORSHIP,$0
Generative AI at Berkeley,Student Activity Group (SAG),1,,,,,,,ROLLING SPONSORSHIP,$0
ASCEND,Student Activity Group (SAG),1,,,,,,,ROLLING SPONSORSHIP,$0
SBC Strategy Consulting (Formerly known as Seed Base Consulting),Student Activity Group (SAG),1,,,,,,,ROLLING SPONSORSHIP,$0
Codebase,Student Activity Group (SAG),1,,,,,,,ROLLING SPONSORSHIP,$0
Space Technologies and Rocketry,Student Activity Group (SAG),1,,,,,,,ROLLING SPONSORSHIP,$0
Bioengineering Honor Society,Student Activity Group (SAG),1,,,,,,,ROLLING SPONSORSHIP,$0
Phoenix Consulting Group,Student Activity Group (SAG),1,,,,,,,ROLLING SPONSORSHIP,$0
Phi Chi Pre-Health Fraternity,Student Activity Group (SAG),1,,,,,,,ROLLING SPONSORSHIP,$0
Chi Epsilon,Student Activity Group (SAG),1,,,,,,,ROLLING SPONSORSHIP,$0
B PsychEd,Student Activity Group (SAG),1,,,,,,,ROLLING SPONSORSHIP,$0
UX @ Berkeley,Student Activity Group (SAG),1,,,,,,,ROLLING SPONSORSHIP,$0
Vagabond Multicultural Journal,Student Activity Group (SAG),3,,,,,,,ROLLING SPONSORSHIP,$0
Toxicology Student Association of Berkeley,Student Activity Group (SAG),1,,,,,,,ROLLING SPONSORSHIP,$0
Pi Sigma Epsilon,Student Activity Group (SAG),1,,,,,,,ROLLING SPONSORSHIP,$0
International Software Product Management Association at Berkeley,Student Activity Group (SAG),2,375791,,,,,,ROLLING SPONSORSHIP,$0
Sustainable Entrepreneurship at Berkeley,Student Activity Group (SAG),2,361435,,,,,,ROLLING SPONSORSHIP,$0
History of Art Undergraduate Association,Student Activity Group (SAG),2,385435,,,,,,ROLLING SPONSORSHIP,$0
Finance Excellence & Development Society,Student Activity Group (SAG),1,92103,,,,$400,,ROLLING SPONSORSHIP,$400
GlobalHope 365,Student Activity Group (SAG),1,361568,,,,,,ROLLING SPONSORSHIP,$0
Women in Weightlifting,Student Activity Group (SAG),2,350133,,,,,,ROLLING SPONSORSHIP,$0
Ballet & Books at Berkeley,Student Activity Group (SAG),2,91231,,,,,,ROLLING SPONSORSHIP,$0
Young Americans for Freedom,Student Activity Group (SAG),1,357916,,,,,,ROLLING SPONSORSHIP,$0
Republican Jewish Coalition,Student Activity Group (SAG),1,361545,,,,,,ROLLING SPONSORSHIP,$0
Hurling Club at Berkeley,Student Activity Group (SAG),1,343234,,,,,,ROLLING SPONSORSHIP,$0
Social Welfare Association for the Greater Good (SWAGG),Student Activity Group (SAG),1,,,,,,,ROLLING SPONSORSHIP,$0
Molecular and Cell Biology Undergraduate Student Association,Student Activity Group (SAG),10,,,,,,,ROLLING SPONSORSHIP,$0
Azaad,Student Activity Group (SAG),6,,,,,,,ROLLING SPONSORSHIP,$0
Civil and Environmental Engineering Joint Fundraising Committee,Student Activity Group (SAG),1,,,,,,,ROLLING SPONSORSHIP,$0
Asian Americans at Haas,Student Activity Group (SAG),1,,,,,,,ROLLING SPONSORSHIP,$0
Dil Se,Student Activity Group (SAG),9,,,,,,,ROLLING SPONSORSHIP,$0
OPEN at Berkeley,Student Activity Group (SAG),2,,,,,,,ROLLING SPONSORSHIP,$0
Undergraduate Astronomy Society - Berkeley,Student Activity Group (SAG),1,,,,,,,ROLLING SPONSORSHIP,$0
Student Nutrition Advocacy Club,Student Activity Group (SAG),1,,,,,,,ROLLING SPONSORSHIP,$0
AI Entrepreneurs at Berkeley,Student Activity Group (SAG),2,,,,,,,ROLLING SPONSORSHIP,$0
Expansion Pictures,Student Activity Group (SAG),1,,,,,,,ROLLING SPONSORSHIP,$0
Alpha Phi Omega,Student Activity Group (SAG),38,,,,,,,ROLLING SPONSORSHIP,$0
Soul,Student Activity Group (SAG),3,,,,,,,ROLLING SPONSORSHIP,$0
Atrium,Student Activity Group (SAG),3,,,,,,,ROLLING SPONSORSHIP,$0
Delta Kappa Alpha,Student Activity Group (SAG),1,,,,,,,ROLLING SPONSORSHIP,$0
Space Enterprise at Berkeley,Student Activity Group (SAG),8,,,,,,,ROLLING SPONSORSHIP,$0
Ideas on Consciousness,Student Activity Group (SAG),1,,,,,,,ROLLING SPONSORSHIP,$0
Rhythm at Berkeley,Student Activity Group (SAG),3,,,,,,,ROLLING SPONSORSHIP,$0
Berkeley Consulting,Student Activity Group (SAG),1,,,,,,,ROLLING SPONSORSHIP,$0
Thai Students Association,Student Activity Group (SAG),1,,,,,,,ROLLING SPONSORSHIP,$0
DAES’ Black Film Collective,Student Activity Group (SAG),2,,,,,,,ROLLING SPONSORSHIP,$0
Armenian Pre-Law Society,Student Activity Group (SAG),1,,,,,,,ROLLING SPONSORSHIP,$0
Russian Speaking Student Association,Student Activity Group (SAG),3,,,,,,,ROLLING SPONSORSHIP,$0
Asian Community Health,Student Activity Group (SAG),1,,,,,,,ROLLING SPONSORSHIP,$0
International Students Association at Berkeley,Student Activity Group (SAG),24,,,,,,,ROLLING SPONSORSHIP,$0
Extended Reality @ Berkeley,Student Activity Group (SAG),4,,,,,,,ROLLING SPONSORSHIP,$0
American Constitution Society at Berkeley,Student Activity Group (SAG),1,,,,,,,ROLLING SPONSORSHIP,$0
Tether Dance Company,Student Activity Group (SAG),1,,,,,,,ROLLING SPONSORSHIP,$0
Call of Duty at Berkeley,Student Activity Group (SAG),1,,,,,,,ROLLING SPONSORSHIP,$0
Tiny Dorm at Berkeley,Student Activity Group (SAG),2,,,,,,,ROLLING SPONSORSHIP,$0
Mobile Developers of Berkeley,Student Activity Group (SAG),2,136662,34020312000000,,,,,ROLLING SPONSORSHIP,$0
SAG SUBTOTAL,,,,,,,"$1,050",$0,"$725,723","$726,773"
,,,,,,,,,,
Student-Initiated Service Group (SISG),,,,,,,,,,
Organization,Sponsorship Category,Years of Sponsorship,OASIS Org ID,SUFIN Account (External ID),Finance Rule Waiver,,Contingency Funding,Space Reservation Funding,Final Allocation,Total Funding
AI Achievers @ Berkeley,Student-Initiated Service Group (SISG),1,385343,34020613200000,,,,,$650,$650
Alternative Breaks,Student-Initiated Service Group (SISG),22,45989,34020019600000,,,,,"$8,000","$8,000"
America's Toothfairy at Berkeley,Student-Initiated Service Group (SISG),3,324630,34020514000000,,,,,$750,$750
American Red Cross at Cal,Student-Initiated Service Group (SISG),20,45991,34020023200000,,,,,"$8,000","$8,000"
Amnesty International,Student-Initiated Service Group (SISG),1,45992,34020024000000,,,,,$100,$100
"Asha for Education, Berkeley",Student-Initiated Service Group (SISG),19,45867,34020028000000,,,,,"$5,800","$5,800"
Bears For Palestine,Student-Initiated Service Group (SISG),10,157342,34020352400000,,,,,"$6,500","$6,500"
Berkeley Disaster Team,Student-Initiated Service Group (SISG),9,158530,34020352000000,,,,,"$1,188","$1,188"
Berkeley Medical Reserve Corps,Student-Initiated Service Group (SISG),11,46552,34020046800000,,,,,"$4,500","$4,500"
Best Buddies at Berkeley,Student-Initiated Service Group (SISG),1,46038,34020052000000,,,,,$800,$800
Bhagat Puran Singh Health Initiative @ Berkeley,Student-Initiated Service Group (SISG),10,91443,34020285200000,,,,,"$3,000","$3,000"
Blood Pressure Project,Student-Initiated Service Group (SISG),10,92019,34020055600000,,,,,"$1,000","$1,000"
"Blueprint, Technology for Nonprofits",Student-Initiated Service Group (SISG),11,80168,34020056000000,,,,,"$4,800","$4,800"
Brain Exercise Initiative,Student-Initiated Service Group (SISG),4,322119,34020490800000,,,,,$500,$500
BUILD Literacy Program,Student-Initiated Service Group (SISG),6,145741,34020336400000,,,,,$750,$750
Cal Community Music,Student-Initiated Service Group (SISG),39,46067,34020061600000,,,,,$671,$671
Cal Rotaract,Student-Initiated Service Group (SISG),21,46202,34020205600000,,,,,SPONSORSHIP ONLY (ABSA),$0
California Health Professional Student Alliance at Berkeley,Student-Initiated Service Group (SISG),7,91275,34020371200000,,,,,$683,$683
CASCADE: Community Service,Student-Initiated Service Group (SISG),3,351112,34020541600000,,,,,$750,$750
Central Americans for Empowerment,Student-Initiated Service Group (SISG),2,166113,34020378400000,,,,,$650,$650
Community Projects,Student-Initiated Service Group (SISG),55,63025,34020050000000,,,,,"$85,000","$85,000"
Comunidad For Health Equity,Student-Initiated Service Group (SISG),34,46099,34020075600000,,,,,"$6,500","$6,500"
"Delta Epsilon Mu Inc., (Alpha Psi)",Student-Initiated Service Group (SISG),5,332977,34020500000000,,,,,"$1,000","$1,000"
DeTrash@Berkeley,Student-Initiated Service Group (SISG),3,361218,34020545600000,,,,,$413,$413
Elder Welfare Mentorship,Student-Initiated Service Group (SISG),1,384615,34020612000000,,,,,$360,$360
Engineers and Mentors of Berkeley,Student-Initiated Service Group (SISG),13,46024,34020104000000,,,,,SPONSORSHIP ONLY (ABSA),$0
Fighting Cancer at Berkeley,Student-Initiated Service Group (SISG),1,135420,34020596400000,,,,,$650,$650
Fighting for Hope at Berkeley,Student-Initiated Service Group (SISG),3,351383,34020532400000,,,,,ROLLING SPONSORSHIP,$0
"G.I.F.T.E.D. (Give to Inspire the Future of Talented, Educated Doctors) Pre-Med",Student-Initiated Service Group (SISG),3,361804,34020549600000,,,,,$750,$750
Global Medical Missions Alliance at Berkeley,Student-Initiated Service Group (SISG),8,143054,34020413200000,,,,,$650,$650
Global Medical Training,Student-Initiated Service Group (SISG),3,46249,34020292000000,,,,,$440,$440
Health and Medical Apprenticeship Program,Student-Initiated Service Group (SISG),41,46139,34020123200000,$120,2%,,,"$8,000","$8,000"
"Health, Education, and Life",Student-Initiated Service Group (SISG),1,378404,34020612400000,,,,,$650,$650
Hmong Student Association at Berkeley,Student-Initiated Service Group (SISG),17,46150,34020126800000,,,,,"$3,200","$3,200"
Imago Dei Clinic,Student-Initiated Service Group (SISG),3,343530,34020520800000,,,,,$400,$400
Junior Care Clinic at Berkeley,Student-Initiated Service Group (SISG),2,377367,34020585200000,,,,,$675,$675
Labor Coach Program,Student-Initiated Service Group (SISG),14,46154,34020149200000,,,,,"$2,100","$2,100"
"Lambda Theta Alpha Latin Sorority, Inc.",Student-Initiated Service Group (SISG),15,46155,34020149600000,,,,,"$1,300","$1,300"
League of Filipino Students,Student-Initiated Service Group (SISG),3,65801,34020539600000,,,,,$750,$750
Lean On Me at Berkeley,Student-Initiated Service Group (SISG),5,326053,34020514800000,,,,,$750,$750
Leukemia & Lymphoma Society at Berkeley,Student-Initiated Service Group (SISG),1,46579,34020612800000,,,,,$650,$650
Medical Volunteering Association at Berkeley,Student-Initiated Service Group (SISG),3,360314,34020554800000,,,,,$750,$750
MEDLIFE,Student-Initiated Service Group (SISG),14,46602,34020160400000,,,,,"$2,400","$2,400"
MOVE: AA Community Organizing Fellowship,Student-Initiated Service Group (SISG),7,91576,34020412400000,,,,,"$5,000","$5,000"
Oakland Asian Student Educational Services,Student-Initiated Service Group (SISG),22,46186,34020172400000,,,,,SPONSORSHIP ONLY (ABSA),$0
Paper Crane,Student-Initiated Service Group (SISG),5,302876,34020464000000,,,,,SPONSORSHIP ONLY (ABSA),$0
Patient Advocacy Student Group,Student-Initiated Service Group (SISG),13,85562,34020181200000,,,,,"$2,000","$2,000"
Paws for Mental Health (Formerly De-Stress with Dogs),Student-Initiated Service Group (SISG),5,158866,34020379200000,,,,,"$2,600","$2,600"
Polish Club of Berkeley,Student-Initiated Service Group (SISG),1,125968,34020526800000,,,,,$750,$750
Power of a Princess,Student-Initiated Service Group (SISG),4,320866,34020485200000,,,,,$700,$700
POWER-Bay Area: Physical science Opportunities for Women in Education and Research,Student-Initiated Service Group (SISG),4,91996,34020527200000,,,,,$620,$620
Puerto Rico Se Levanta,Student-Initiated Service Group (SISG),1,237715,34020462800000,,,,,SPONSORSHIP ONLY (ABSA),$0
Queer Alliance & Resource Center,Student-Initiated Service Group (SISG),56,46193,34020200400000,,,,,"$35,000","$35,000"
Renters' Legal Assistance,Student-Initiated Service Group (SISG),42,46200,34020204800000,,,,,$500,$500
Sikh Students Association,Student-Initiated Service Group (SISG),23,46057,34020213600000,,,,,"$3,000","$3,000"
Southeast Asian Mentorship,Student-Initiated Service Group (SISG),15,46208,34020218400000,,,,,"$4,000","$4,000"
Southeast Asian Student Coalition,Student-Initiated Service Group (SISG),17,46207,34020219200000,,,,,"$6,000","$6,000"
Student to Student Peer Counseling,Student-Initiated Service Group (SISG),32,46212,34020230000000,,,,,$800,$800
Students for Comprehensive Healthcare,Student-Initiated Service Group (SISG),2,289555,34020534000000,,,,,$700,$700
The Berkeley Group,Student-Initiated Service Group (SISG),22,45888,34020045200000,,,,,"$4,000","$4,000"
The Berkeley Project,Student-Initiated Service Group (SISG),18,46029,34020048800000,,,,,SPONSORSHIP ONLY (ABSA),$0
The Sage Mentorship Project,Student-Initiated Service Group (SISG),12,46291,34020207200000,,,,,SPONSORSHIP ONLY (ABSA),$0
Undergraduate Street Medicine Outreach,Student-Initiated Service Group (SISG),3,221131,34020552800000,,,,,SPONSORSHIP ONLY (ABSA),$0
United For Health at Berkeley,Student-Initiated Service Group (SISG),2,351686,34020531600000,,,,,$650,$650
Universities Allied for Essential Medicines,Student-Initiated Service Group (SISG),10,115762,34020254000000,,,,,$720,$720
Vietnamese Student Association,Student-Initiated Service Group (SISG),33,46104,34020256000000,,,,,"$8,000","$8,000"
Volunteer Health Interpreters Organization,Student-Initiated Service Group (SISG),18,46203,34020257200000,,,,,"$6,000","$6,000"
Volunteer Income Tax Assistance Program,Student-Initiated Service Group (SISG),12,92059,34020257600000,,,,,"$3,000","$3,000"
FeelGood,Student-Initiated Service Group (SISG),5,46127,34020108800000,,,,,ROLLING SPONSORSHIP,$0
Jeeva Clinic,Student-Initiated Service Group (SISG),2,91211,34020411600000,,,$500,,ROLLING SPONSORSHIP,$500
Operation Smile at Berkeley,Student-Initiated Service Group (SISG),1,,,,,,,,
American Lung Cancer Screening Initiative at Berkeley,Student-Initiated Service Group (SISG),3,,,,,,,,
Project Lux at Berkeley,Student-Initiated Service Group (SISG),2,361705,34020574000000,,,,,ROLLING SPONSORSHIP,$0
Volunteers for Medical Outreach,Student-Initiated Service Group (SISG),12,46258,34020258400000,,,,,"$3,500","$3,500"
SISG SUBTOTAL,,,,,,,$500,$0,"$254,020","$254,520"
,,,,,,,,,,
ABSA TOTAL W/O ASUC INTERNAL BUDGET ,,,,,,,"$1,550",$0,"$1,135,652","$1,137,202"
,,,,,,,,,,
ASUC Internal Budget,,,,,,,,,,
"Scholarships, Grants, and Funds",Sponsorship Category ,,,,,,,,,Total Funding
Academic Opportunity Fund,GRNT,,,,,,,,,$0
Arts and Creativity Grant,GRNT,,,,,,,,,$0
DeCal Grant,GRNT,,,,,,,,,$0
Greek Opportunity Grant,GRNT,,,,,,,,,$0
Intellectual Community Grant,GRNT,,,,,,,,,$0
Multicultural Grant,GRNT,,,,,,,,,$0
Outstanding Student Recognition Scholarship,SCLR,,,,,,,,,$0
Public Service Grant,GRNT,,,,,,,,,$0
RISE Scholarship,SCLR,,,,,,,,,$0
Student Commuter Grant,GRNT,,,,,,,,,$0
Student Organization Travel Grant,GRNT,,,,,,,,,$0
Textbook Scholarship,SCLR,,,,,,,,,$0
Underserved Student Equity Grant,GRNT,,,,,,,,,$0
"SCHOLARSHIPS, GRANTS, FUNDS SUBTOTAL",,,,,,,,,,$0
,,,,,,,,,,
Office of the President ,Sponsorship Category ,,OASIS Org ID,SUFIN Account (External ID),Finance Rule Waiver,,Contingency Funding,Space Reservation Funding,Final Allocation,Total Funding
Chief-of-Staff Stipend,OP,,45908,340100148STIPE,,,,,"$2,000","$2,000"
President Discretionary Fund,OP,,45908,34010014800000,,,,,"$5,000","$5,000"
President Stipend,OP,,45908,340100148STIPE,,,,,"$4,000","$4,000"
OP SUBTOTAL,,,,,,,,,"$11,000","$11,000"
,,,,,,,,,,
Office of the Executive Vice President,Sponsorship Category ,,OASIS Org ID,SUFIN Account (External ID),Finance Rule Waiver,,Contingency Funding,Space Reservation Funding,Final Allocation,Total Funding
Chief-of-Staff Stipend,EVP,,45910,340100144STIPE,,,,,"$2,000","$2,000"
EVP Discretionary Fund,EVP,,45910,34010014400000,,,,,"$2,000","$2,000"
EVP Spaces Director Stipend,EVP,,45910,340100144STIPE,,,,,$500,$500
EVP Stipend,EVP,,45910,340100144STIPE,,,,,"$4,000","$4,000"
Senate Vice Chair,EVP,,45910,340100144STIPE,,,,,$300,$300
OEVP SUBTOTAL,,,,,,,,,"$8,800","$8,800"
,,,,,,,,,,
Office of External Affairs Vice President ,Sponsorship Category,,OASIS Org ID,SUFIN Account (External ID),Finance Rule Waiver,,Contingency Funding,Space Reservation Funding,Final Allocation,Total Funding
Co-Campus Organizing Directors Stipend,EAVP,,45913,340100140STIPE,,,,,"$2,000","$2,000"
Chief-of-Staff Stipend,EAVP,,45913,340100140STIPE,,,,,"$2,000","$2,000"
EAVP Discretionary Fund,EAVP,,45913,34010014000000,,,,,"$40,000","$40,000"
EAVP Stipend,EAVP,,45913,340100140STIPE,,,,,"$4,000","$4,000"
Co-Legislative Affairs Directors Stipend,EAVP,,45913,340100140STIPE,,,,,"$2,000","$2,000"
Legislative Conference,EAVP,,45913,340100140LEGIS,,,,,"$20,000","$20,000"
OEAVP SUBTOTAL,,,,,,,,,"$70,000","$70,000"
,,,,,,,,,,
Office of the Academic Affairs Vice President,Sponsorship Category,,OASIS Org ID,SUFIN Account (External ID),Finance Rule Waiver,,Contingency Funding,Space Reservation Funding,Final Allocation,Total Funding
AAVP Discretionary Fund,AAVP,,45917,34010013600000,,,,,"$6,000","$6,000"
AAVP Stipend,AAVP,,45917,340100136STIPE,,,,,"$4,000","$4,000"
Chief-of-Staff Stipend,AAVP,,46017,340100136STIPE,,,,,"$2,000","$2,000"
Director Stipends,AAVP,,45917,340100136STIPE,,,,,"$3,000","$3,000"
OAAVP SUBTOTAL,,,,,,,,,"$15,000","$15,000"
,,,,,,,,,,
Student Advocate's Office,Sponsorship Category,,OASIS Org ID,SUFIN Account (External ID),Finance Rule Waiver,,Contingency Funding,Space Reservation Funding,Final Allocation,Total Funding
Internal Chief-of-Staff Stipend,SAO,,45921,340100228STIPE,,,,,"$1,250","$1,250"
External Chief-of-Staff Stipend,SAO,,45921,340100228STIPE,,,,,"$1,250","$1,250"
SAO Discretionary Fund,SAO,,45921,34010022800000,,,,,"$10,000","$10,000"
SAO Caseworker stipends,SAO,,45921,340100228STIPE,,,,,"$20,000","$20,000"
SAO Stipend,SAO,,45921,340100228STIPE,,,,,"$4,000","$4,000"
SAO SUBTOTAL,,,,,,,,,"$36,500","$36,500"
,,,,,,,,,,
Senate,Sponsorship Category,,OASIS Org ID,SUFIN Account (External ID),Finance Rule Waiver,,Contingency Funding,Space Reservation Funding,Final Allocation,Total Funding
ASUC Professional Development,SEN,,45924,340100152PRDEV,,,,,"$15,000","$15,000"
ASUC Conference,SEN,,45924,340100152ASCON,,,,,"$4,000","$4,000"
Senate Leadership Institute / Senate Meetings,SEN,,45924,340100152SLIFU,,,,,"$4,000","$4,000"
Senator Discretionary Funds ($750.00 each),SEN,,45924,34010015200000,,,,,"$15,750","$15,750"
Senator Stipends ($2500.00 each),SEN,,45924,340100152STIPE,,,,,"$52,500","$52,500"
SENATE SUBTOTAL,,,,,,,,,"$91,250","$91,250"
,,,,,,,,,,
Appointed Officials,Sponsorship Category,,OASIS Org ID,SUFIN Account (External ID),Finance Rule Waiver,,Contingency Funding,Space Reservation Funding,Final Allocation,Total Funding
Student Union Board of Directors Chair Stipend,AOFR,,268813,340100356STIPE,,,,,"$3,000","$3,000"
Chief Appointed Officials Support Staff Stipends ,AOFR,,201312,340100238STIPE,,,,,"$2,500","$2,500"
Chief Communications Officer Stipend,AOFR,,104125,340100248STIPE,,,,,"$3,000","$3,000"
Chief Financial Officer Stipend,AOFR,,46279,340100132STIPE,,,,,"$3,000","$3,000"
Chief Legal Officer Stipend,AOFR,,140399,340100308STIPE,,,,,"$3,000","$3,000"
Chief Personnel Officer Stipend,AOFR,,132841,340100180STIPE,,,,,"$3,000","$3,000"
Chief Technology Officer Stipend,AOFR,,132187,340100292STIPE,,,,,"$3,000","$3,000"
Judicial Council Chair Stipend,AOFR,,46013,340100196STIPE,,,,,"$1,000","$1,000"
Judicial Council Assistant Chair Stipend,AOFR,,46013,340100196STIPE,,,,,$500,$500
Judicial Council Undergraduate Stipends (7 x $300),AOFR,,46013,340100196STIPE,,,,,"$2,100","$2,100"
Judicial Council Office,AOFR,,46013,34010019600000,,,,,$300,$300
Communications Office,AOFR,,104125,34010024800000,,,,,"$4,500","$4,500"
Finance Office,AOFR,,46279,34010013200000,,,,,$600,$600
Legal Office,AOFR,,140399,34010030800000,,,,,$0,$0
Personnel Office,AOFR,,132841,34010018000000,,,,,"$3,000","$3,000"
Technology Office,AOFR,,132187,34010029200000,,,,,"$2,000","$2,000"
SU Board Undergraduate Team,AOFR,,268813,34010035600000,,,,,$500,$500
Public Defender Stipend,AOFR,,46013,340100196STIPE,,,,,$150,$150
AOFR SUBTOTAL,,,,,,,,,"$35,150","$35,150"
,,,,,,,,,,
Operations,Sponsorship Category,,OASIS Org ID,SUFIN Account (External ID),Finance Rule Waiver,,Contingency Funding,Space Reservation Funding,Final Allocation,Total Funding
Archives,OPRS,,46374,330100160ARCHV,,,,,"$5,000","$5,000"
ASUC Administrative Office,OPRS,,45999,34010021600000,,,,,"$85,000","$85,000"
ASUC End of Year Banquet,OPRS,,45924,330100160BANQT,,,,,"$7,500","$7,500"
Audit,OPRS,,46374,33010016000000,,,,,"$30,000","$30,000"
Bank Fee,OPRS,,46374,33010016000000,,,,,"$1,000","$1,000"
Big Ideas,OPRS,,91974,34010030000000,,,,,"$15,000","$15,000"
Capital Improvement Fund,OPRS,,46030,34010025600000,,,,,"$25,000","$25,000"
Contingency Fund,OPRS,,45936,34010022000000,,,,,"$100,000","$100,000"
Legal Fee,OPRS,,46374,330100160LEGAL,,,,,"$30,000","$30,000"
Space Reservation Fund (from CACSSF),OPRS,,,,,,,,"$50,000","$50,000"
OPRS SUBTOTAL,,,,,,,,,"$348,500","$348,500"
,,,,,,,,,,
Elections,Sponsorship Category,,OASIS Org ID,SUFIN Account (External ID),Finance Rule Waiver,,Contingency Funding,Space Reservation Funding,Final Allocation,Total Funding
Elections Council - 2 Director Stipends ($150.00 each),ELCT,,46011,340100128STIPE,,,,,$300,$300
Elections Council - 3 Auditor/Prosecutor Assistant Stipends ($100.00 each),ELCT,,46011,340100128STIPE,,,,,$300,$300
Elections Council - Assistant Chair Stipend,ELCT,,46011,340100128STIPE,,,,,$500,$500
Elections Council - Chair Stipend,ELCT,,46011,340100128STIPE,,,,,"$2,000","$2,000"
Elections Council - Chief Auditor Stipend,ELCT,,46011,340100128STIPE,,,,,$500,$500
Elections Council - Prosecutor Stipend,ELCT,,46011,340100128STIPE,,,,,$500,$500
Elections Operations,ELCT,,46011,34010012800000,,,,,"$3,000","$3,000"
ELCT SUBTOTAL,,,,,,,,,"$7,100","$7,100"
,,,,,,,,,,
External Expenditures,Sponsorship Category,,OASIS Org ID,SUFIN Account (External ID),Finance Rule Waiver,,Contingency Funding,Space Reservation Funding,Final Allocation,Total Funding
D&O Insurance,GEN,,46374,33010016000000,,,,,"$3,000","$3,000"
GL Insurance,GEN,,46374,33010016000000,,,,,"$20,000","$20,000"
GEN SUBTOTAL,,,,,,,,,"$23,000","$23,000"
,,,,,,,,,,
,,,,,Finance Rule Waiver Total,,Contingency Funding Total,Space Reservation Funding Total,Final Allocation,General Budget Total
ASUC External Budget,,,,,,,"$1,550",$0,"$1,135,652","$1,137,202"
ASUC Internal Budget,,,,,,,$0,$0,"$757,800","$757,800"
FY25 GENERAL BUDGET,,,,,,,"$1,550",$0,"$1,893,452","$1,895,002"